{"cameraMode":{"drawMode":0,"name":"Shaded","section":"Shading Mode"},"sceneLighting":true,"audioPlay":false,"sceneViewState":{"showFog":false,"showMaterialUpdate":false,"showSkybox":false,"showFlares":false,"showImageEffects":false,"showParticleSystems":true},"in2DMode":false,"pivot":{"x":-12.522506713867188,"y":-3.9892578125,"z":10.62109375},"rotation":{"x":0.02281186915934086,"y":0.9750884175300598,"z":-0.1850028783082962,"w":0.12023337185382843},"size":2.8550305366516115,"orthographic":true}