{"cameraMode":{"drawMode":0,"name":"Shaded","section":"Shading Mode"},"sceneLighting":false,"audioPlay":false,"sceneViewState":{"showFog":false,"showMaterialUpdate":false,"showSkybox":false,"showFlares":false,"showImageEffects":false,"showParticleSystems":true},"in2DMode":false,"pivot":{"x":-9.210000038146973,"y":-4.487212181091309,"z":14.458819389343262},"rotation":{"x":0.05665464699268341,"y":-0.9376158714294434,"z":0.29003939032554629,"w":0.18315009772777558},"size":1.6594830751419068,"orthographic":true}