{"cameraMode":{"drawMode":0,"name":"Shaded","section":"Shading Mode"},"sceneLighting":true,"audioPlay":false,"sceneViewState":{"showFog":false,"showMaterialUpdate":false,"showSkybox":false,"showFlares":false,"showImageEffects":false,"showParticleSystems":true},"in2DMode":false,"pivot":{"x":-10.58453369140625,"y":-3.68048095703125,"z":11.3048095703125},"rotation":{"x":0.00034553074510768056,"y":-0.9983063340187073,"z":0.005989744793623686,"w":0.057865314185619357},"size":1.2565594911575318,"orthographic":true}