{"cameraMode":{"drawMode":0,"name":"Shaded","section":"Shading Mode"},"sceneLighting":false,"audioPlay":false,"sceneViewState":{"showFog":false,"showMaterialUpdate":false,"showSkybox":false,"showFlares":false,"showImageEffects":false,"showParticleSystems":true},"in2DMode":false,"pivot":{"x":-0.09355735778808594,"y":-0.03919583559036255,"z":-0.3424879312515259},"rotation":{"x":-0.18791824579238892,"y":0.7646267414093018,"z":-0.2562766969203949,"w":-0.560673713684082},"size":1.7011982202529908,"orthographic":true}